Sample,Well,Stratigraphy,Tag,Environment,Depth
417,Obernsee,Upper Buntsandstein,UB,Transitional,801.4
416,Obernsee,Upper Buntsandstein,UB,Transitional,801.6
415,Obernsee,Upper Buntsandstein,UB,Transitional,802
414,Obernsee,Upper Buntsandstein,UB,Transitional,803.5
413,Obernsee,Upper Buntsandstein,UB,Transitional,804.2
412,Obernsee,Upper Buntsandstein,UB,Aeolian,807
411,Obernsee,Upper Buntsandstein,UB,Aeolian,810.3
410,Obernsee,Upper Buntsandstein,UB,Aeolian,814
409,Obernsee,Upper Buntsandstein,UB,Aeolian,817.2
408,Obernsee,Upper Buntsandstein,UB,Aeolian,820.4
407,Obernsee,Upper Buntsandstein,UB,Aeolian,823
406,Obernsee,Upper Buntsandstein,UB,Aeolian,826.5
405,Obernsee,Upper Buntsandstein,UB,Aeolian,829.7
404,Obernsee,Upper Buntsandstein,UB,Aeolian,832
403,Obernsee,Upper Buntsandstein,UB,Meandering Alluvial Plan,835.9
402,Obernsee,Upper Buntsandstein,UB,Meandering Alluvial Plan,839
401,Obernsee,Upper Buntsandstein,UB,Meandering Alluvial Plan,842.7
400,Obernsee,Upper Buntsandstein,UB,Meandering Alluvial Plan,845.5
399,Obernsee,Upper Buntsandstein,UB,Meandering Alluvial Plan,848.5
398,Obernsee,Upper Buntsandstein,UB,Meandering Alluvial Plan,852
397,Obernsee,Upper Buntsandstein,UB,Meandering Alluvial Plan,855
396,Obernsee,Upper Buntsandstein,UB,Meandering Alluvial Plan,858.2
395,Obernsee,Upper Buntsandstein,UB,Meandering Alluvial Plan,862.5
394,Obernsee,Upper Buntsandstein,UB,Meandering Alluvial Plan,866
393,Obernsee,Upper Buntsandstein,UB,Meandering Alluvial Plan,869
392,Obernsee,Upper Buntsandstein,UB,Meandering Alluvial Plan,872
391,Obernsee,Middle Buntsandstein,MB,Meandering Alluvial Plan,876
390,Obernsee,Middle Buntsandstein,MB,Meandering Alluvial Plan,879
389,Obernsee,Middle Buntsandstein,MB,Meandering Alluvial Plan,881
388,Obernsee,Middle Buntsandstein,MB,Meandering Alluvial Plan,885
387,Obernsee,Middle Buntsandstein,MB,Meandering Alluvial Plan,888
386,Obernsee,Middle Buntsandstein,MB,Meandering Alluvial Plan,891.5
385,Obernsee,Middle Buntsandstein,MB,Meandering Alluvial Plan,894.1
384,Obernsee,Middle Buntsandstein,MB,Meandering Alluvial Plan,898.5
383,Obernsee,Middle Buntsandstein,MB,Meandering Alluvial Plan,902.1
382,Obernsee,Middle Buntsandstein,MB,Meandering Alluvial Plan,905.5
381,Obernsee,Middle Buntsandstein,MB,Meandering Alluvial Plan,908
380,Obernsee,Middle Buntsandstein,MB,Meandering Alluvial Plan,911.5
379,Obernsee,Middle Buntsandstein,MB,Meandering Alluvial Plan,914
378,Obernsee,Middle Buntsandstein,MB,Meandering Alluvial Plan,918.3
377,Obernsee,Middle Buntsandstein,MB,Meandering Alluvial Plan,920.5
376,Obernsee,Middle Buntsandstein,MB,Meandering Alluvial Plan,923.3
375,Obernsee,Middle Buntsandstein,MB,Meandering Alluvial Plan,927
374,Obernsee,Middle Buntsandstein,MB,Meandering Alluvial Plan,931
373,Obernsee,Middle Buntsandstein,MB,Meandering Alluvial Plan,934.5
372,Obernsee,Middle Buntsandstein,MB,Meandering Alluvial Plan,937
371,Obernsee,Middle Buntsandstein,MB,Meandering Alluvial Plan,940
370,Obernsee,Middle Buntsandstein,MB,Gravel Sand Meandering,943.1
369,Obernsee,Middle Buntsandstein,MB,Gravel Sand Meandering,946
368,Obernsee,Middle Buntsandstein,MB,Gravel Sand Meandering,950
367,Obernsee,Middle Buntsandstein,MB,Gravel Sand Meandering,952.7
366,Obernsee,Middle Buntsandstein,MB,Gravel Sand Meandering,955
365,Obernsee,Middle Buntsandstein,MB,Gravel Sand Meandering,958.1
364,Obernsee,Middle Buntsandstein,MB,Gravel Sand Meandering,960.3
363,Obernsee,Middle Buntsandstein,MB,Gravel Sand Meandering,964.1
362,Obernsee,Middle Buntsandstein,MB,Gravel Sand Meandering,967.3
361,Obernsee,Middle Buntsandstein,MB,Gravel Sand Meandering,970.9
360,Obernsee,Middle Buntsandstein,MB,Gravel Sand Meandering,973.6
359,Obernsee,Middle Buntsandstein,MB,Gravel Sand Meandering,976.1
358,Obernsee,Middle Buntsandstein,MB,Gravel Sand Meandering,979.2
357,Obernsee,Middle Buntsandstein,MB,Gravel Sand Meandering,981.5
356,Obernsee,Middle Buntsandstein,MB,Gravel Sand Meandering,987.8
355,Obernsee,Middle Buntsandstein,MB,Gravel Sand Meandering,989.2
354,Obernsee,Middle Buntsandstein,MB,Gravel Sand Meandering,992.2
353,Obernsee,Middle Buntsandstein,MB,Gravel Sand Meandering,995.5
352,Obernsee,Middle Buntsandstein,MB,Gravel Sand Meandering,996.5
351,Obernsee,Middle Buntsandstein,MB,Gravel Sand Meandering,1000
350,Obernsee,Middle Buntsandstein,MB,Gravel Sand Meandering,1004.1
349,Obernsee,Middle Buntsandstein,MB,Gravel Sand Meandering,1008.1
348,Obernsee,Middle Buntsandstein,MB,Gravel Sand Meandering,1011.2
347,Obernsee,Middle Buntsandstein,MB,Gravel Sand Meandering,1015
346,Obernsee,Middle Buntsandstein,MB,Gravel Sand Meandering,1018.5
345,Obernsee,Middle Buntsandstein,MB,Meandering Alluvial Plan,1021.5
344,Obernsee,Middle Buntsandstein,MB,Meandering Alluvial Plan,1025.6
343,Obernsee,Middle Buntsandstein,MB,Meandering Alluvial Plan,1026.9
342,Obernsee,Middle Buntsandstein,MB,Meandering Alluvial Plan,1031.5
341,Obernsee,Middle Buntsandstein,MB,Meandering Alluvial Plan,1037
340,Obernsee,Middle Buntsandstein,MB,Meandering Alluvial Plan,1041.3
339,Obernsee,Middle Buntsandstein,MB,Meandering Alluvial Plan,1045.2
338,Obernsee,Middle Buntsandstein,MB,Meandering Alluvial Plan,1048.5
337,Obernsee,Middle Buntsandstein,MB,Meandering Alluvial Plan,1051.2
336,Obernsee,Middle Buntsandstein,MB,Meandering Alluvial Plan,1053.8
335,Obernsee,Middle Buntsandstein,MB,Meandering Alluvial Plan,1059.2
334,Obernsee,Middle Buntsandstein,MB,Meandering Alluvial Plan,1061
333,Obernsee,Middle Buntsandstein,MB,Gravel Sand Meandering,1066.6
332,Obernsee,Middle Buntsandstein,MB,Gravel Sand Meandering,1072.6
331,Obernsee,Middle Buntsandstein,MB,Gravel Sand Meandering,1077.2
330,Obernsee,Middle Buntsandstein,MB,Gravel Sand Meandering,1082.2
329,Obernsee,Middle Buntsandstein,MB,Deep Gravel Bed Braided,1087.7
328,Obernsee,Middle Buntsandstein,MB,Deep Gravel Bed Braided,1088.4
327,Obernsee,Middle Buntsandstein,MB,Deep Gravel Bed Braided,1093.2
326,Obernsee,Middle Buntsandstein,MB,Deep Gravel Bed Braided,1096
325,Obernsee,Middle Buntsandstein,MB,Deep Gravel Bed Braided,1099
324,Obernsee,Middle Buntsandstein,MB,Deep Gravel Bed Braided,1104
323,Obernsee,Middle Buntsandstein,MB,Shallow Gravel Bed Braided,1106.5
322,Obernsee,Middle Buntsandstein,MB,Shallow Gravel Bed Braided,1110.2
321,Obernsee,Middle Buntsandstein,MB,Shallow Gravel Bed Braided,1113.2
320,Obernsee,Middle Buntsandstein,MB,Shallow Gravel Bed Braided,1116.2
319,Obernsee,Lower Buntsandstein,LB,Shallow Gravel Bed Braided,1119.2
318,Obernsee,Lower Buntsandstein,LB,Shallow Gravel Bed Braided,1122
317,Obernsee,Lower Buntsandstein,LB,Shallow Gravel Bed Braided,1124.4
316,Obernsee,Lower Buntsandstein,LB,Shallow Gravel Bed Braided,1127
315,Obernsee,Lower Buntsandstein,LB,Shallow Gravel Bed Braided,1130.4
314,Obernsee,Lower Buntsandstein,LB,Shallow Gravel Bed Braided,1133.2
313,Obernsee,Lower Buntsandstein,LB,Shallow Gravel Bed Braided,1137
312,Obernsee,Lower Buntsandstein,LB,Shallow Gravel Bed Braided,1139
311,Obernsee,Lower Buntsandstein,LB,Shallow Gravel Bed Braided,1142
310,Obernsee,Lower Buntsandstein,LB,Shallow Gravel Bed Braided,1146
309,Obernsee,Lower Buntsandstein,LB,Shallow Gravel Bed Braided,1149.5
308,Obernsee,Lower Buntsandstein,LB,Shallow Gravel Bed Braided,1153.4
307,Obernsee,Lower Buntsandstein,LB,Shallow Gravel Bed Braided,1157
306,Obernsee,Lower Buntsandstein,LB,Shallow Gravel Bed Braided,1160
305,Obernsee,Lower Buntsandstein,LB,Shallow Gravel Bed Braided,1163
304,Obernsee,Lower Buntsandstein,LB,Shallow Gravel Bed Braided,1165.5
303,Obernsee,Lower Buntsandstein,LB,Shallow Gravel Bed Braided,1168.1
302,Obernsee,Lower Buntsandstein,LB,Shallow Gravel Bed Braided,1172.5
301,Obernsee,Lower Buntsandstein,LB,Shallow Gravel Bed Braided,1176
300,Obernsee,Lower Buntsandstein,LB,Shallow Gravel Bed Braided,1179.8
299,Obernsee,Lower Buntsandstein,LB,Shallow Gravel Bed Braided,1183.1
298,Obernsee,Lower Buntsandstein,LB,Shallow Gravel Bed Braided,1186.4
297,Obernsee,Lower Buntsandstein,LB,Shallow Gravel Bed Braided,1189.1
296,Obernsee,Lower Buntsandstein,LB,Shallow Gravel Bed Braided,1194.8
295,Obernsee,Lower Buntsandstein,LB,Deep Perennial Braided,1199.4
294,Obernsee,Lower Buntsandstein,LB,Deep Perennial Braided,1202.6
293,Obernsee,Lower Buntsandstein,LB,Deep Perennial Braided,1208.1
292,Obernsee,Lower Buntsandstein,LB,Deep Perennial Braided,1212.6
291,Obernsee,Lower Buntsandstein,LB,Meandering Alluvial Plan,1215.9
290,Obernsee,Lower Buntsandstein,LB,Meandering Alluvial Plan,1218.5
289,Obernsee,Lower Buntsandstein,LB,Meandering Alluvial Plan,1221
288,Obernsee,Lower Buntsandstein,LB,Meandering Alluvial Plan,1223.9
287,Obernsee,Lower Buntsandstein,LB,Meandering Alluvial Plan,1226.9
286,Obernsee,Lower Buntsandstein,LB,Meandering Alluvial Plan,1229.7
285,Obernsee,Lower Buntsandstein,LB,Meandering Alluvial Plan,1233
284,Obernsee,Lower Buntsandstein,LB,Meandering Alluvial Plan,1235.6
283,Obernsee,Zechstein,Z,Meandering Alluvial Plan,1239.3
282,Obernsee,Zechstein,Z,Meandering Alluvial Plan,1242
281,Obernsee,Zechstein,Z,Meandering Alluvial Plan,1244.4
280,Obernsee,Zechstein,Z,Meandering Alluvial Plan,1248.7
279,Obernsee,Zechstein,Z,Meandering Alluvial Plan,1251.1
278,Obernsee,Zechstein,Z,Meandering Alluvial Plan,1255.7
277,Obernsee,Zechstein,Z,Meandering Alluvial Plan,1258
276,Obernsee,Zechstein,Z,Meandering Alluvial Plan,1263.3
275,Obernsee,Zechstein,Z,Meandering Alluvial Plan,1266
274,Obernsee,Zechstein,Z,Meandering Alluvial Plan,1268.2
273,Obernsee,Zechstein,Z,Meandering Alluvial Plan,1272.2
272,Obernsee,Zechstein,Z,Meandering Alluvial Plan,1275.5
271,Obernsee,Zechstein,Z,Playa,1278.5
270,Obernsee,Zechstein,Z,Playa,1280.9
269,Obernsee,Zechstein,Z,Playa,1283.9
268,Obernsee,Zechstein,Z,Playa,1285.1
267,Obernsee,Zechstein,Z,Playa,1285.8
266,Obernsee,Zechstein,Z,Playa,1286.8
265,Obernsee,Zechstein,Z,Playa,1287.8
264,Obernsee,Zechstein,Z,Playa,1289
263,Obernsee,Zechstein,Z,Playa,1290
262,Obernsee,Zechstein,Z,Playa,1290.8
261,Obernsee,Zechstein,Z,Playa,1291.6
260,Obernsee,Zechstein,Z,Playa,1292.2
259,Obernsee,Zechstein,Z,Playa,1293.2
258,Obernsee,Zechstein,Z,Playa,1294.6
257,Obernsee,Zechstein,Z,Playa,1295
256,Obernsee,Zechstein,Z,Fluvial,1296.5
255,Obernsee,Zechstein,Z,Fluvial,1297.8
254,Obernsee,Zechstein,Z,Fluvial,1299
253,Obernsee,Zechstein,Z,Fluvial,1300
252,Obernsee,Zechstein,Z,Fluvial,1301.3
251,Obernsee,Zechstein,Z,Fluvial,1302.5
250,Obernsee,Zechstein,Z,Fluvial,1303
249,Obernsee,Zechstein,Z,Fluvial,1304
248,Obernsee,Zechstein,Z,Fluvial,1305.05
247,Obernsee,Zechstein,Z,Fluvial,1306
246,Obernsee,Zechstein,Z,Fluvial,1307
245,Obernsee,Zechstein,Z,Fluvial,1308
244,Obernsee,Zechstein,Z,Fan Delta,1309
243,Obernsee,Zechstein,Z,Fan Delta,1310.15
242,Obernsee,Zechstein,Z,Fan Delta,1311.2
241,Obernsee,Zechstein,Z,Fan Delta,1312.85
240,Obernsee,Zechstein,Z,Fan Delta,1314
239,Obernsee,Rotliegend,R,Alluvial Fan,1323.2
238,Obernsee,Rotliegend,R,Alluvial Fan,1324
237,Obernsee,Rotliegend,R,Alluvial Fan,1325
236,Obernsee,Rotliegend,R,Alluvial Fan,1326.2
235,Obernsee,Rotliegend,R,Alluvial Fan,1327.2
234,Obernsee,Rotliegend,R,Alluvial Fan,1328.95
233,Obernsee,Rotliegend,R,Alluvial Fan,1329.95
232,Obernsee,Rotliegend,R,Alluvial Fan,1330.95
231,Obernsee,Rotliegend,R,Alluvial Fan,1331.95
230,Obernsee,Rotliegend,R,Alluvial Fan,1333
229,Obernsee,Rotliegend,R,Alluvial Fan,1334.25
228,Obernsee,Rotliegend,R,Alluvial Fan,1335.2
227,Obernsee,Rotliegend,R,Alluvial Fan,1337
226,Obernsee,Rotliegend,R,Alluvial Fan,1337.8
225,Obernsee,Rotliegend,R,Alluvial Fan,1338.35
224,Obernsee,Rotliegend,R,Alluvial Fan,1339
223,Obernsee,Rotliegend,R,Alluvial Fan,1340.5
222,Obernsee,Rotliegend,R,Alluvial Fan,1341.31
221,Obernsee,Rotliegend,R,Alluvial Fan,1341.41
219,Obernsee,Rotliegend,R,Alluvial Fan,1341.56
220,Obernsee,Rotliegend,R,Alluvial Fan,1341.63
218,Obernsee,Rotliegend,R,Alluvial Fan,1341.66
