{"constants":{"lambda":{"fission":[8.5e-11,1e-12],"U238":[0.000155125,8.3e-8],"U235":[0.00098485,6.7e-7],"U234":[0.00282206,8e-7],"Th232":[0.0000495,0.0000025],"Th230":[0.0091705,0.0000016],"Pa231":[0.021158,0.00071],"Ra226":[0.4332,0.0019],"Rb87":[0.000013972,4.5e-7],"Re187":[0.000016689,3.8e-8],"Sm147":[0.00000654,4.9e-8],"K40":[0.00055305,0.00000132],"Lu176":[0.00001867,8e-8]},"iratio":{"Ar40Ar36":[298.56,0.31],"Ar38Ar36":[0.1885,0.0003],"Ca40Ca44":[46.48,0.044],"Rb85Rb87":[2.59265,0.00085],"Sr84Sr86":[0.056549,0.0000715],"Sr87Sr86":[0.69938,0.00006],"Sr88Sr86":[8.37861,0.001624],"Re185Re187":[0.59738,0.000195],"Os184Os192":[0.000485,0.00011],"Os186Os192":[0.03889,0.00011],"Os187Os192":[0.04817,0.00003],"Os188Os192":[0.32474,0.00005],"Os189Os192":[0.39593,0.00004],"Os190Os192":[0.64388,0.00045],"Th230Th232":[0,0],"U234U238":[0,0],"U238U235":[137.818,0.0225],"Pb206Pb204":[9.307,0],"Pb207Pb204":[10.294,0],"Pb207Pb206":[0.84,0],"Pb208Pb204":[29.476,0],"Sm144Sm152":[0.115117,0.000189],"Sm147Sm152":[0.561134,0.000622],"Sm148Sm152":[0.420634,0.000392],"Sm149Sm152":[0.516973,0.000393],"Sm150Sm152":[0.275438,0.000459],"Sm154Sm152":[0.850468,0.000484],"Nd142Nd144":[1.14101,0.0007],"Nd143Nd144":[0.51154,0.0004],"Nd145Nd144":[0.34848,0.00015],"Nd146Nd144":[0.72228,0.00051],"Nd148Nd144":[0.24186,0.0003],"Nd150Nd144":[0.23691,0.00042],"Lu176Lu175":[0.02668,0.000013],"Hf174Hf177":[0.00871,0.00005],"Hf176Hf177":[0.2829,0.003],"Hf178Hf177":[1.4671,0.0001],"Hf179Hf177":[0.7325,0],"Hf180Hf177":[1.88651,0.00012]},"imass":{"U":[238.02891,0.00003],"Rb":[85.46776,0.00026],"Rb85":[84.9117924,0.0000027],"Rb87":[86.9091828,0.0000028],"Sr":[87.62,0.01],"Sr84":[83.913426,0.000004],"Sr86":[85.9092647,0.0000025],"Sr87":[86.9088816,0.0000025],"Sr88":[87.9056167,0.0000025],"Re":[186.20679,0.00031],"Re185":[184.952955,0.000003],"Re187":[186.9557505,0.000003],"Os":[190.23,0.003],"Os184":[183.952491,0.000003],"Os186":[185.953838,0.000003],"Os187":[186.9557476,0.000003],"Os188":[187.9558357,0.000003],"Os189":[188.958145,0.000003],"Os190":[189.958445,0.000003],"Os192":[191.961479,0.000004],"Sm":[150.36,0.03],"Nd":[144.2415,0.0013],"Lu":[174.9668,0.0001],"Hf":[178.49,0.02]},"etchfact":{"apatite":0.93,"zircon":1},"tracklength":{"apatite":16.2,"zircon":10.6},"mindens":{"apatite":3.22,"zircon":4.7}},"settings":{"geochronometer":"U-Pb","plotdevice":"concordia","ierr":3,"par":{"cex":1},"data":{"U-Pb":{"ierr":3,"data":{"X=8/6":["8.33778","8.16325","7.47699","7.80379","8.07804","7.21837","",null,null,null,null,null,null,null,null,null,null,null,null,null,null,null,null,null,null,null,null,null,null,null,null,null,null,null,null,null,null,null,null,null,null,null,null,null,null,null,null,null,null,null,null,null,null,null,null,null,null,null,null,null,null,null,null,null,null,null,null,null,null,null,null,null,null,null,null,null,null,null,null,null,null,null,null,null,null,null,null,null,null,null,null,null,null,null,null,null,null,null,null,null],"err[X]":["0.15","0.16","0.21","0.18","0.15","0.22","",null,null,null,null,null,null,null,null,null,null,null,null,null,null,null,null,null,null,null,null,null,null,null,null,null,null,null,null,null,null,null,null,null,null,null,null,null,null,null,null,null,null,null,null,null,null,null,null,null,null,null,null,null,null,null,null,null,null,null,null,null,null,null,null,null,null,null,null,null,null,null,null,null,null,null,null,null,null,null,null,null,null,null,null,null,null,null,null,null,null,null,null,null],"Y=7/6":["0.29907","0.313","0.36058","0.33653","0.31969","0.37785","",null,null,null,null,null,null,null,null,null,null,null,null,null,null,null,null,null,null,null,null,null,null,null,null,null,null,null,null,null,null,null,null,null,null,null,null,null,null,null,null,null,null,null,null,null,null,null,null,null,null,null,null,null,null,null,null,null,null,null,null,null,null,null,null,null,null,null,null,null,null,null,null,null,null,null,null,null,null,null,null,null,null,null,null,null,null,null,null,null,null,null,null,null],"err[Y]":["0.12","0.07","0.07","0.09","0.06","0.11","",null,null,null,null,null,null,null,null,null,null,null,null,null,null,null,null,null,null,null,null,null,null,null,null,null,null,null,null,null,null,null,null,null,null,null,null,null,null,null,null,null,null,null,null,null,null,null,null,null,null,null,null,null,null,null,null,null,null,null,null,null,null,null,null,null,null,null,null,null,null,null,null,null,null,null,null,null,null,null,null,null,null,null,null,null,null,null,null,null,null,null,null,null],"Z=4/6":["0.01669","0.01763","0.02097","0.01929","0.01812","0.02215","",null,null,null,null,null,null,null,null,null,null,null,null,null,null,null,null,null,null,null,null,null,null,null,null,null,null,null,null,null,null,null,null,null,null,null,null,null,null,null,null,null,null,null,null,null,null,null,null,null,null,null,null,null,null,null,null,null,null,null,null,null,null,null,null,null,null,null,null,null,null,null,null,null,null,null,null,null,null,null,null,null,null,null,null,null,null,null,null,null,null,null,null,null],"err[Z]":["0.17","0.12","0.15","0.14","0.1","0.15","",null,null,null,null,null,null,null,null,null,null,null,null,null,null,null,null,null,null,null,null,null,null,null,null,null,null,null,null,null,null,null,null,null,null,null,null,null,null,null,null,null,null,null,null,null,null,null,null,null,null,null,null,null,null,null,null,null,null,null,null,null,null,null,null,null,null,null,null,null,null,null,null,null,null,null,null,null,null,null,null,null,null,null,null,null,null,null,null,null,null,null,null,null],"rhoXY":["0.34","-0.37","0.43","0.36","0.37","0.37","",null,null,null,null,null,null,null,null,null,null,null,null,null,null,null,null,null,null,null,null,null,null,null,null,null,null,null,null,null,null,null,null,null,null,null,null,null,null,null,null,null,null,null,null,null,null,null,null,null,null,null,null,null,null,null,null,null,null,null,null,null,null,null,null,null,null,null,null,null,null,null,null,null,null,null,null,null,null,null,null,null,null,null,null,null,null,null,null,null,null,null,null,null],"rhoXZ":["0","0","0","0","0","0","",null,null,null,null,null,null,null,null,null,null,null,null,null,null,null,null,null,null,null,null,null,null,null,null,null,null,null,null,null,null,null,null,null,null,null,null,null,null,null,null,null,null,null,null,null,null,null,null,null,null,null,null,null,null,null,null,null,null,null,null,null,null,null,null,null,null,null,null,null,null,null,null,null,null,null,null,null,null,null,null,null,null,null,null,null,null,null,null,null,null,null,null,null],"rhoYZ":["0.746","-0.785","0.591","0.794","0.885","0.744","",null,null,null,null,null,null,null,null,null,null,null,null,null,null,null,null,null,null,null,null,null,null,null,null,null,null,null,null,null,null,null,null,null,null,null,null,null,null,null,null,null,null,null,null,null,null,null,null,null,null,null,null,null,null,null,null,null,null,null,null,null,null,null,null,null,null,null,null,null,null,null,null,null,null,null,null,null,null,null,null,null,null,null,null,null,null,null,null,null,null,null,null,null],"(C)":[null,null,null,null,null,null,"",null,null,null,null,null,null,null,null,null,null,null,null,null,null,null,null,null,null,null,null,null,null,null,null,null,null,null,null,null,null,null,null,null,null,null,null,null,null,null,null,null,null,null,null,null,null,null,null,null,null,null,null,null,null,null,null,null,null,null,null,null,null,null,null,null,null,null,null,null,null,null,null,null,null,null,null,null,null,null,null,null,null,null,null,null,null,null,null,null,null,null,null,null],"(omit)":[null,null,null,null,null,null,"",null,null,null,null,null,null,null,null,null,null,null,null,null,null,null,null,null,null,null,null,null,null,null,null,null,null,null,null,null,null,null,null,null,null,null,null,null,null,null,null,null,null,null,null,null,null,null,null,null,null,null,null,null,null,null,null,null,null,null,null,null,null,null,null,null,null,null,null,null,null,null,null,null,null,null,null,null,null,null,null,null,null,null,null,null,null,null,null,null,null,null,null,null]}},"Ar-Ar":{},"Rb-Sr":{},"Sm-Nd":{},"Re-Os":{},"Lu-Hf":{},"U-Th-He":{},"fissiontracks":{},"detritals":{},"other":{}},"fissiontracks":{"format":1,"mineral":"apatite"},"detritals":{"format":1,"hide":[]},"U-Pb":{"format":5,"type":4,"cutoff76":1100,"mindisc":-15,"maxdisc":5,"commonPb":0,"diseq":"FALSE","U48":1.15,"Th0U8":0,"Ra6U8":0,"Pa1U5":0},"Th-U":{"format":2,"detritus":0,"Th02":[0,0],"Th02U48":[0,0,1000000,0,0,0,0,0,0],"i2i":"TRUE"},"Pb-Pb":{"format":3,"commonPb":2},"Ar-Ar":{"format":3,"i2i":"FALSE"},"K-Ca":{"format":1,"i2i":"TRUE"},"Rb-Sr":{"format":2,"i2i":"TRUE"},"Sm-Nd":{"format":2,"i2i":"TRUE"},"Re-Os":{"format":2,"i2i":"TRUE"},"Lu-Hf":{"format":2,"i2i":"TRUE"},"U-Th-He":{},"other":{"format":1},"concordia":{"mint":"auto","maxt":"auto","minx":"auto","maxx":"auto","miny":"auto","maxy":"auto","alpha":0.05,"wetherill":"FALSE","exterr":"FALSE","shownumbers":"FALSE","showage":0,"anchor":0,"tanchor":0,"sigdig":2,"bg1":"rgb(0,1,0,0.5)","bg2":"rgb(1,0,0,0.5)","clabel":"","ticks":"auto"},"evolution":{"min08":"auto","max08":"auto","min48":"auto","max48":"auto","mint":"auto","maxt":"auto","alpha":0.05,"transform":"FALSE","exterr":"FALSE","isochron":"FALSE","shownumbers":"FALSE","sigdig":2,"bg1":"rgb(0,1,0,0.5)","bg2":"rgb(1,0,0,0.5)","model":1,"clabel":""},"isochron":{"type":2,"model":1,"inverse":"TRUE","exterr":"FALSE","shownumbers":"FALSE","minx":"auto","maxx":"auto","miny":"auto","maxy":"auto","alpha":0.05,"sigdig":2,"bg1":"rgb(0,1,0,0.5)","bg2":"rgb(1,0,0,0.5)","growth":"FALSE","clabel":""},"regression":{"model":1,"shownumbers":"FALSE","minx":"auto","maxx":"auto","miny":"auto","maxy":"auto","alpha":0.05,"sigdig":2,"bg1":"rgb(0,1,0,0.5)","bg2":"rgb(1,0,0,0.5)","clabel":""},"radial":{"transformation":"log","mint":"auto","t0":"auto","maxt":"auto","pch":21,"cex":1,"bg":"c('yellow','red')","sigdig":2,"alpha":0.05,"shownumbers":"FALSE","numpeaks":0,"bg1":"rgb(0,1,0,0.5)","bg2":"rgb(1,0,0,0.5)","clabel":""},"average":{"outliers":"TRUE","exterr":"FALSE","alpha":0.05,"sigdig":2,"randomeffects":"FALSE","mint":"auto","maxt":"auto","ranked":"FALSE","bg1":"rgb(0,1,0,0.5)","bg2":"rgb(1,0,0,0.5)","bg3":"rgb(0,1,1,0.5)","clabel":""},"spectrum":{"plateau":"TRUE","exterr":"FALSE","alpha":0.05,"sigdig":2,"randomeffects":"FALSE","bg1":"rgb(0,1,0,0.5)","bg2":"rgb(1,0,0,0.5)","bg3":"rgb(0,1,1,0.5)","clabel":""},"KDE":{"ncol":"auto","xlab":"age [Ma]","showhist":"TRUE","binwidth":"auto","bw":"auto","samebandwidth":"TRUE","normalise":"TRUE","log":"FALSE","adaptive":"TRUE","minx":"auto","maxx":"auto","bandwidth":"auto","pchdetritals":"none","pch":"'|'"},"CAD":{"pch":"none","verticals":"TRUE"},"set-zeta":{"sigdig":2,"exterr":"FALSE"},"MDS":{"classical":"FALSE","shepard":"FALSE","nnlines":"FALSE","ticks":"TRUE","pch":21,"pos":"centre","cex":5,"col":"black","bg":"white"},"helioplot":{"logratio":"TRUE","shownumbers":"FALSE","showcentralcomp":"TRUE","alpha":0.05,"sigdig":2,"minx":"auto","maxx":"auto","miny":"auto","maxy":"auto","fact":"auto","bg1":"rgb(0,1,0,0.5)","bg2":"rgb(0,0,1,0.5)","model":1,"clabel":""},"ages":{"show_p":"FALSE","exterr":"TRUE","sigdig":2}},"data4server":[100,11,[[8.33778,0.15,0.29907,0.12,0.01669,0.17,0.34,0,0.746,"",""],[8.16325,0.16,0.313,0.07,0.01763,0.12,-0.37,0,-0.785,"",""],[7.47699,0.21,0.36058,0.07,0.02097,0.15,0.43,0,0.591,"",""],[7.80379,0.18,0.33653,0.09,0.01929,0.14,0.36,0,0.794,"",""],[8.07804,0.15,0.31969,0.06,0.01812,0.1,0.37,0,0.885,"",""],[7.21837,0.22,0.37785,0.11,0.02215,0.15,0.37,0,0.744,"",""]]],"optionschanged":false}